USE [TestAutomation]
GO
INSERT [Active].[TestSuitePlanStateLkp] ([StateID], [StateName], [StateDescription]) VALUES (1, N'Enabled', N'Enabled TestSuitePlan')
INSERT [Active].[TestSuitePlanStateLkp] ([StateID], [StateName], [StateDescription]) VALUES (2, N'Disabled', N'Disabled TestSuitePlan')
INSERT [Active].[TestSuitePlanStateLkp] ([StateID], [StateName], [StateDescription]) VALUES (3, N'Canceled', N'Canceled TestSuitePlan')
SET IDENTITY_INSERT [Definition].[AutomationLabLkp] ON 

INSERT [Definition].[AutomationLabLkp] ([AutomationLabID], [AutomationLabName], [AutomationLabDescription], [CreateDate]) VALUES (1, N'Production', N'Production VM Environment', CAST(N'2017-07-06T11:36:40.673' AS DateTime))
INSERT [Definition].[AutomationLabLkp] ([AutomationLabID], [AutomationLabName], [AutomationLabDescription], [CreateDate]) VALUES (2, N'Development', N'Development VM Environment', CAST(N'2017-07-06T11:36:51.047' AS DateTime))
INSERT [Definition].[AutomationLabLkp] ([AutomationLabID], [AutomationLabName], [AutomationLabDescription], [CreateDate]) VALUES (3, N'Test', N'Test environment - dont expect things to work', CAST(N'2017-09-11T16:49:00.263' AS DateTime))
SET IDENTITY_INSERT [Definition].[AutomationLabLkp] OFF
SET IDENTITY_INSERT [Definition].[Configuration] ON 

INSERT [Definition].[Configuration] ([ConfigurationID], [ConfigurationName], [ConfigurationDescription], [WindowsVersion], [Is64Bit], [IsServer], [CreateDate], [OperatingSystemID]) VALUES (1, N'Windows 7 Pro 32-Bit', N'Windows 7 - 32 bit', 7, 0, 0, CAST(N'2017-06-06T15:36:49.380' AS DateTime), 1)
INSERT [Definition].[Configuration] ([ConfigurationID], [ConfigurationName], [ConfigurationDescription], [WindowsVersion], [Is64Bit], [IsServer], [CreateDate], [OperatingSystemID]) VALUES (2, N'Windows 7 Pro 64-Bit', N'Windows 7 - 64 bit', 7, 1, 0, CAST(N'2017-06-06T15:36:49.380' AS DateTime), 1)
INSERT [Definition].[Configuration] ([ConfigurationID], [ConfigurationName], [ConfigurationDescription], [WindowsVersion], [Is64Bit], [IsServer], [CreateDate], [OperatingSystemID]) VALUES (3, N'Windows 10 Enterprise 32-Bit', N'Windows 10 Enterprise - 32 bit', 10, 0, 0, CAST(N'2017-06-06T15:36:49.380' AS DateTime), 1)
INSERT [Definition].[Configuration] ([ConfigurationID], [ConfigurationName], [ConfigurationDescription], [WindowsVersion], [Is64Bit], [IsServer], [CreateDate], [OperatingSystemID]) VALUES (4, N'Windows 10 Enterprise 64-Bit', N'Windows 10 Enterprise - 64 bit', 10, 1, 0, CAST(N'2017-06-06T15:36:49.380' AS DateTime), 1)
INSERT [Definition].[Configuration] ([ConfigurationID], [ConfigurationName], [ConfigurationDescription], [WindowsVersion], [Is64Bit], [IsServer], [CreateDate], [OperatingSystemID]) VALUES (5, N'Windows 8 Enterprise 32-Bit', N'Windows 8 - 32 bit', 8, 0, 0, CAST(N'2017-06-06T15:36:49.380' AS DateTime), 1)
INSERT [Definition].[Configuration] ([ConfigurationID], [ConfigurationName], [ConfigurationDescription], [WindowsVersion], [Is64Bit], [IsServer], [CreateDate], [OperatingSystemID]) VALUES (6, N'Windows 8 Enterprise 64-Bit', N'Windows 8 - 64 bit', 8, 1, 0, CAST(N'2017-06-06T15:36:49.380' AS DateTime), 1)
INSERT [Definition].[Configuration] ([ConfigurationID], [ConfigurationName], [ConfigurationDescription], [WindowsVersion], [Is64Bit], [IsServer], [CreateDate], [OperatingSystemID]) VALUES (7, N'Windows 7 Pro 32-Bit/Apps', N'Win7x86 with applications installled', 7, 0, 0, CAST(N'2017-06-06T15:36:49.380' AS DateTime), 1)
INSERT [Definition].[Configuration] ([ConfigurationID], [ConfigurationName], [ConfigurationDescription], [WindowsVersion], [Is64Bit], [IsServer], [CreateDate], [OperatingSystemID]) VALUES (8, N'Windows 7 Pro 64-Bit/Apps', N'Win7x64 with applications installled; page file on F:', 7, 1, 0, CAST(N'2017-06-06T15:36:49.380' AS DateTime), 1)
INSERT [Definition].[Configuration] ([ConfigurationID], [ConfigurationName], [ConfigurationDescription], [WindowsVersion], [Is64Bit], [IsServer], [CreateDate], [OperatingSystemID]) VALUES (9, N'Server 2012 R2 Std/Apps', N'Win2012 Server with applications installled', 2012, 1, 1, CAST(N'2017-06-06T15:36:49.380' AS DateTime), 1)
INSERT [Definition].[Configuration] ([ConfigurationID], [ConfigurationName], [ConfigurationDescription], [WindowsVersion], [Is64Bit], [IsServer], [CreateDate], [OperatingSystemID]) VALUES (10, N'Server 2008 R2 Std/Apps', N'Win2008 Server with applications installled; page file on D:', 2008, 1, 1, CAST(N'2017-06-06T15:36:49.380' AS DateTime), 1)
INSERT [Definition].[Configuration] ([ConfigurationID], [ConfigurationName], [ConfigurationDescription], [WindowsVersion], [Is64Bit], [IsServer], [CreateDate], [OperatingSystemID]) VALUES (13, N'Windows 10 Pro 64-Bit Continuum', N'Windows 10 Pro - 64 bit', 10, 1, 0, CAST(N'2017-06-06T15:36:49.380' AS DateTime), 1)
INSERT [Definition].[Configuration] ([ConfigurationID], [ConfigurationName], [ConfigurationDescription], [WindowsVersion], [Is64Bit], [IsServer], [CreateDate], [OperatingSystemID]) VALUES (14, N'Server 2016', N'Windows Server 2016 - 64 bit', 2016, 1, 1, CAST(N'2017-06-06T15:36:49.380' AS DateTime), 1)
INSERT [Definition].[Configuration] ([ConfigurationID], [ConfigurationName], [ConfigurationDescription], [WindowsVersion], [Is64Bit], [IsServer], [CreateDate], [OperatingSystemID]) VALUES (15, N'Server 2012 Non-R2', N'Windows 2012 Server Non-R2 64 bit', 2012, 1, 1, CAST(N'2017-06-06T15:36:49.380' AS DateTime), 1)
INSERT [Definition].[Configuration] ([ConfigurationID], [ConfigurationName], [ConfigurationDescription], [WindowsVersion], [Is64Bit], [IsServer], [CreateDate], [OperatingSystemID]) VALUES (16, N'Windows 10 Pro 32-Bit LabTech', N'Windows 10 Pro - 32 bit', 10, 0, 1, CAST(N'2017-06-06T15:36:49.380' AS DateTime), 1)
INSERT [Definition].[Configuration] ([ConfigurationID], [ConfigurationName], [ConfigurationDescription], [WindowsVersion], [Is64Bit], [IsServer], [CreateDate], [OperatingSystemID]) VALUES (17, N'Windows 7 Enterprise 32-Bit Continuum', N'Windows 7 Enterprise - 32 bit', 7, 0, 0, CAST(N'2017-06-06T15:36:49.380' AS DateTime), 1)
INSERT [Definition].[Configuration] ([ConfigurationID], [ConfigurationName], [ConfigurationDescription], [WindowsVersion], [Is64Bit], [IsServer], [CreateDate], [OperatingSystemID]) VALUES (18, N'Windows 8 Enterprise 32-Bit Kaseya', N'Windows 8.1 Enterprise - 32 bit', 8, 0, 0, CAST(N'2017-06-06T15:36:49.380' AS DateTime), 1)
INSERT [Definition].[Configuration] ([ConfigurationID], [ConfigurationName], [ConfigurationDescription], [WindowsVersion], [Is64Bit], [IsServer], [CreateDate], [OperatingSystemID]) VALUES (19, N'Windows 10 Pro 64-Bit Kaseya', N'Windows 10 Pro - 64 bit', 10, 1, 0, CAST(N'2017-06-06T15:36:49.380' AS DateTime), 1)
INSERT [Definition].[Configuration] ([ConfigurationID], [ConfigurationName], [ConfigurationDescription], [WindowsVersion], [Is64Bit], [IsServer], [CreateDate], [OperatingSystemID]) VALUES (20, N'Windows 7 Enterprise 32-Bit Kaseya', N'Windows 7 Enterprise - 32 bit', 7, 0, 0, CAST(N'2017-06-06T15:36:49.380' AS DateTime), 1)
INSERT [Definition].[Configuration] ([ConfigurationID], [ConfigurationName], [ConfigurationDescription], [WindowsVersion], [Is64Bit], [IsServer], [CreateDate], [OperatingSystemID]) VALUES (21, N'Windows 7 Enterprise 64-Bit LabTech', N'Windows 7 Enterprise - 64 bit', 7, 1, 0, CAST(N'2017-06-06T15:36:49.380' AS DateTime), 1)
INSERT [Definition].[Configuration] ([ConfigurationID], [ConfigurationName], [ConfigurationDescription], [WindowsVersion], [Is64Bit], [IsServer], [CreateDate], [OperatingSystemID]) VALUES (22, N'Windows 10 Pro 64-Bit', N'Windows 10 Pro - 64 bit', 10, 1, 0, CAST(N'2017-06-06T15:36:49.380' AS DateTime), 1)
INSERT [Definition].[Configuration] ([ConfigurationID], [ConfigurationName], [ConfigurationDescription], [WindowsVersion], [Is64Bit], [IsServer], [CreateDate], [OperatingSystemID]) VALUES (23, N'Server 2008 Std', N'Win2008 Standard', 2008, 1, 1, CAST(N'2017-06-06T15:36:49.380' AS DateTime), 1)
INSERT [Definition].[Configuration] ([ConfigurationID], [ConfigurationName], [ConfigurationDescription], [WindowsVersion], [Is64Bit], [IsServer], [CreateDate], [OperatingSystemID]) VALUES (24, N'Server 2012 Std', N'Win2012 Standard', 2012, 1, 1, CAST(N'2017-06-06T15:36:49.380' AS DateTime), 1)
INSERT [Definition].[Configuration] ([ConfigurationID], [ConfigurationName], [ConfigurationDescription], [WindowsVersion], [Is64Bit], [IsServer], [CreateDate], [OperatingSystemID]) VALUES (25, N'First available VM', N'First available VM', 0, 0, 0, CAST(N'2017-06-29T13:40:39.500' AS DateTime), 1)
INSERT [Definition].[Configuration] ([ConfigurationID], [ConfigurationName], [ConfigurationDescription], [WindowsVersion], [Is64Bit], [IsServer], [CreateDate], [OperatingSystemID]) VALUES (26, N'Server 2008R2 Std', N'Server 2008R2 Std', 2008, 1, 1, CAST(N'2017-07-06T15:44:34.183' AS DateTime), 1)
INSERT [Definition].[Configuration] ([ConfigurationID], [ConfigurationName], [ConfigurationDescription], [WindowsVersion], [Is64Bit], [IsServer], [CreateDate], [OperatingSystemID]) VALUES (27, N'Server 2008R2 Enterprise', N'Server 2008R2 Enterprise', 2008, 1, 1, CAST(N'2017-07-06T15:44:51.703' AS DateTime), 1)
INSERT [Definition].[Configuration] ([ConfigurationID], [ConfigurationName], [ConfigurationDescription], [WindowsVersion], [Is64Bit], [IsServer], [CreateDate], [OperatingSystemID]) VALUES (28, N'Win 8.1 Enterprise 64-Bit', N'Win 8.1 Enterprise 64-Bit', 8, 1, 0, CAST(N'2017-07-06T15:46:20.727' AS DateTime), 1)
INSERT [Definition].[Configuration] ([ConfigurationID], [ConfigurationName], [ConfigurationDescription], [WindowsVersion], [Is64Bit], [IsServer], [CreateDate], [OperatingSystemID]) VALUES (29, N'Win 8 Pro 32-Bit', N'Win 8 Pro 32-Bit', 8, 0, 0, CAST(N'2017-07-06T15:46:53.713' AS DateTime), 1)
INSERT [Definition].[Configuration] ([ConfigurationID], [ConfigurationName], [ConfigurationDescription], [WindowsVersion], [Is64Bit], [IsServer], [CreateDate], [OperatingSystemID]) VALUES (30, N'Win 8 Pro 64-Bit', N'Win 8 Pro 64-Bit', 8, 0, 0, CAST(N'2017-07-06T15:47:22.900' AS DateTime), 1)
INSERT [Definition].[Configuration] ([ConfigurationID], [ConfigurationName], [ConfigurationDescription], [WindowsVersion], [Is64Bit], [IsServer], [CreateDate], [OperatingSystemID]) VALUES (31, N'Win 8.1 Enterprise 64-Bit LabTech', N'Win 8.1 Enterprise 64-Bit LabTech', 8, 1, 1, CAST(N'2017-07-06T15:48:20.503' AS DateTime), 1)
INSERT [Definition].[Configuration] ([ConfigurationID], [ConfigurationName], [ConfigurationDescription], [WindowsVersion], [Is64Bit], [IsServer], [CreateDate], [OperatingSystemID]) VALUES (32, N'Win Vista 32 Bit', N'Win Vista 32 Bit', 6, 0, 0, CAST(N'2017-07-06T15:48:50.143' AS DateTime), 1)
INSERT [Definition].[Configuration] ([ConfigurationID], [ConfigurationName], [ConfigurationDescription], [WindowsVersion], [Is64Bit], [IsServer], [CreateDate], [OperatingSystemID]) VALUES (33, N'Windows 10 Pro 64-Bit Insider Build RS4', N'Windows 10 Pro 64-Bit Insider Build RS4', 10, 1, 0, CAST(N'2017-07-27T11:54:42.917' AS DateTime), 1)
INSERT [Definition].[Configuration] ([ConfigurationID], [ConfigurationName], [ConfigurationDescription], [WindowsVersion], [Is64Bit], [IsServer], [CreateDate], [OperatingSystemID]) VALUES (34, N'MacOS 10.6', N'MacOS 10.6', 0, 1, 0, CAST(N'2017-08-15T09:48:11.620' AS DateTime), 2)
INSERT [Definition].[Configuration] ([ConfigurationID], [ConfigurationName], [ConfigurationDescription], [WindowsVersion], [Is64Bit], [IsServer], [CreateDate], [OperatingSystemID]) VALUES (35, N'MacOS 10.11', N'MacOS 10.11', 0, 1, 0, CAST(N'2017-10-23T12:35:32.097' AS DateTime), 2)
INSERT [Definition].[Configuration] ([ConfigurationID], [ConfigurationName], [ConfigurationDescription], [WindowsVersion], [Is64Bit], [IsServer], [CreateDate], [OperatingSystemID]) VALUES (36, N'MacOS 10.12', N'MacOS 10.12', 0, 1, 0, CAST(N'2017-10-23T12:35:41.100' AS DateTime), 2)
INSERT [Definition].[Configuration] ([ConfigurationID], [ConfigurationName], [ConfigurationDescription], [WindowsVersion], [Is64Bit], [IsServer], [CreateDate], [OperatingSystemID]) VALUES (37, N'MacOS 10.13', N'MacOS 10.13', 0, 1, 0, CAST(N'2017-10-23T12:35:46.997' AS DateTime), 2)
INSERT [Definition].[Configuration] ([ConfigurationID], [ConfigurationName], [ConfigurationDescription], [WindowsVersion], [Is64Bit], [IsServer], [CreateDate], [OperatingSystemID]) VALUES (38, N'Windows 10 Pro 64-bit TH1 Patched', N'Windows 10 Pro 64-bit TH1 Patched', 10, 1, 0, CAST(N'2018-03-05T13:40:49.640' AS DateTime), 1)
INSERT [Definition].[Configuration] ([ConfigurationID], [ConfigurationName], [ConfigurationDescription], [WindowsVersion], [Is64Bit], [IsServer], [CreateDate], [OperatingSystemID]) VALUES (39, N'Server 2008 R2 Patched', N'Server 2008R2 Patched', 2008, 1, 1, CAST(N'2018-03-05T13:42:03.080' AS DateTime), 1)
INSERT [Definition].[Configuration] ([ConfigurationID], [ConfigurationName], [ConfigurationDescription], [WindowsVersion], [Is64Bit], [IsServer], [CreateDate], [OperatingSystemID]) VALUES (40, N'Windows 10 Pro 64-bit TH2 Patched', N'Windows 10 Pro 64-bit TH2 Patched', 10, 1, 0, CAST(N'2018-03-05T15:06:06.767' AS DateTime), 1)
INSERT [Definition].[Configuration] ([ConfigurationID], [ConfigurationName], [ConfigurationDescription], [WindowsVersion], [Is64Bit], [IsServer], [CreateDate], [OperatingSystemID]) VALUES (41, N'Windows 10 Pro 64-bit RS1 Patched', N'Windows 10 Pro 64-bit RS1 Patched', 10, 1, 0, CAST(N'2018-03-05T15:20:51.717' AS DateTime), 1)
INSERT [Definition].[Configuration] ([ConfigurationID], [ConfigurationName], [ConfigurationDescription], [WindowsVersion], [Is64Bit], [IsServer], [CreateDate], [OperatingSystemID]) VALUES (42, N'Windows 10 Pro 64-bit RS2 Patched', N'Windows 10 Pro 64-bit RS2 Patched', 10, 1, 0, CAST(N'2018-03-05T15:21:04.327' AS DateTime), 1)
INSERT [Definition].[Configuration] ([ConfigurationID], [ConfigurationName], [ConfigurationDescription], [WindowsVersion], [Is64Bit], [IsServer], [CreateDate], [OperatingSystemID]) VALUES (43, N'Windows 10 Pro 64-bit RS3 Patched', N'Windows 10 Pro 64-bit RS3 Patched', 10, 1, 0, CAST(N'2018-03-05T15:21:15.857' AS DateTime), 1)
INSERT [Definition].[Configuration] ([ConfigurationID], [ConfigurationName], [ConfigurationDescription], [WindowsVersion], [Is64Bit], [IsServer], [CreateDate], [OperatingSystemID]) VALUES (44, N'Windows 7 Pro 64-bit Patched', N'Windows 7 Pro 64-bit Patched', 7, 1, 0, CAST(N'2018-03-06T10:52:48.960' AS DateTime), 1)
SET IDENTITY_INSERT [Definition].[Configuration] OFF
SET IDENTITY_INSERT [Definition].[DownloadLink] ON 

INSERT [Definition].[DownloadLink] ([DownloadLinkID], [DownloadLink], [DownloadLinkDescription], [CreateDate], [OperatingSystemID]) VALUES (1, N'WRCLOUDALPHA.EXE', N'Alpha build', CAST(N'2017-06-07T10:13:23.077' AS DateTime), 1)
INSERT [Definition].[DownloadLink] ([DownloadLinkID], [DownloadLink], [DownloadLinkDescription], [CreateDate], [OperatingSystemID]) VALUES (2, N'APPINSTALL.EXE', N'APP General Public Live', CAST(N'2017-06-08T10:11:52.690' AS DateTime), 1)
INSERT [Definition].[DownloadLink] ([DownloadLinkID], [DownloadLink], [DownloadLinkDescription], [CreateDate], [OperatingSystemID]) VALUES (4, N'WRCLOUDQA.EXE', N'DOMAIN Build', CAST(N'2017-07-11T14:27:05.037' AS DateTime), 1)
INSERT [Definition].[DownloadLink] ([DownloadLinkID], [DownloadLink], [DownloadLinkDescription], [CreateDate], [OperatingSystemID]) VALUES (5, N'APPSMEQA.EXE', N'SME DOMAIN Build', CAST(N'2017-07-11T14:29:11.157' AS DateTime), 1)
INSERT [Definition].[DownloadLink] ([DownloadLinkID], [DownloadLink], [DownloadLinkDescription], [CreateDate], [OperatingSystemID]) VALUES (6, N'APPMAC.dmg', N'Consumer', CAST(N'2017-08-21T13:00:18.843' AS DateTime), 2)
INSERT [Definition].[DownloadLink] ([DownloadLinkID], [DownloadLink], [DownloadLinkDescription], [CreateDate], [OperatingSystemID]) VALUES (7, N'APPMACALPHA.DMG', N'APPMACALPHA.DMG', CAST(N'2017-10-16T14:52:29.377' AS DateTime), 2)
INSERT [Definition].[DownloadLink] ([DownloadLinkID], [DownloadLink], [DownloadLinkDescription], [CreateDate], [OperatingSystemID]) VALUES (8, N'APPMACQA.DMG', N'APPMACQA.DMG', CAST(N'2017-10-16T14:52:50.883' AS DateTime), 2)
SET IDENTITY_INSERT [Definition].[DownloadLink] OFF
SET IDENTITY_INSERT [Definition].[LicenseKey] ON 

INSERT [Definition].[LicenseKey] ([LicenseKeyID], [LicenseKey], [LicenseKeyName], [LicenseKeyDescription], [CreateDate]) VALUES (1, N'SAF6-ONLN-DD8C-9EC5-884F', N'Consumer', N'Consumer Level I', CAST(N'2017-06-08T14:15:51.127' AS DateTime))
INSERT [Definition].[LicenseKey] ([LicenseKeyID], [LicenseKey], [LicenseKeyName], [LicenseKeyDescription], [CreateDate]) VALUES (2, N'2DB5-AUTO-ACA5-EC68-42BB', N'SME', N'SME', CAST(N'2017-06-08T14:15:51.127' AS DateTime))
INSERT [Definition].[LicenseKey] ([LicenseKeyID], [LicenseKey], [LicenseKeyName], [LicenseKeyDescription], [CreateDate]) VALUES (3, N'C8EE-GSMT-4AAF-81AE-4B32', N'SME Managed', N'SME Managed', CAST(N'2017-06-08T14:15:51.127' AS DateTime))
SET IDENTITY_INSERT [Definition].[LicenseKey] OFF
SET IDENTITY_INSERT [Definition].[OperatingSystemLkp] ON 

INSERT [Definition].[OperatingSystemLkp] ([OperatingSystemID], [OperatingSystemName], [OperatingSystemDescription], [CreateDate]) VALUES (1, N'Windows', N'Windows Operating System', CAST(N'2017-08-18T11:01:21.473' AS DateTime))
INSERT [Definition].[OperatingSystemLkp] ([OperatingSystemID], [OperatingSystemName], [OperatingSystemDescription], [CreateDate]) VALUES (2, N'Mac', N'Mac Operating System', CAST(N'2017-08-18T11:01:30.960' AS DateTime))
SET IDENTITY_INSERT [Definition].[OperatingSystemLkp] OFF
SET IDENTITY_INSERT [Definition].[ServerGroupLkp] ON 

INSERT [Definition].[ServerGroupLkp] ([ServerGroupID], [ServerGroupName], [ServerGroupDescription], [CreateDate]) VALUES (1, N'Consumer', N'Consumer group', CAST(N'2017-07-06T11:35:42.493' AS DateTime))
INSERT [Definition].[ServerGroupLkp] ([ServerGroupID], [ServerGroupName], [ServerGroupDescription], [CreateDate]) VALUES (2, N'Unmanaged', N'Unmanaged group', CAST(N'2017-07-06T11:35:54.817' AS DateTime))
INSERT [Definition].[ServerGroupLkp] ([ServerGroupID], [ServerGroupName], [ServerGroupDescription], [CreateDate]) VALUES (3, N'Managed', N'Managed group', CAST(N'2017-07-06T11:36:01.917' AS DateTime))
INSERT [Definition].[ServerGroupLkp] ([ServerGroupID], [ServerGroupName], [ServerGroupDescription], [CreateDate]) VALUES (4, N'Long Running', N'Long Running group', CAST(N'2017-07-06T11:36:14.537' AS DateTime))
INSERT [Definition].[ServerGroupLkp] ([ServerGroupID], [ServerGroupName], [ServerGroupDescription], [CreateDate]) VALUES (5, N'Test', N'Testing purposes', CAST(N'2017-07-31T10:56:45.717' AS DateTime))
SET IDENTITY_INSERT [Definition].[ServerGroupLkp] OFF
